"category","file","localPath","sourceUrl","bytes","status"
"logos","logo-square.png","assets/logos/logo-square.png","https://llccosmetic.com/wp-content/uploads/2023/05/cropped-cropped-LLC-Cosmetic-Laser-Clinics-LOGO.png","15762","ok"
"logos","logo-full.png","assets/logos/logo-full.png","https://llccosmetic.com/wp-content/uploads/2023/05/cropped-LLC-Cosmetic-Laser-Clinics-LOGO.png","177345","ok"
"logos","logo-white.png","assets/logos/logo-white.png","https://llccosmetic.com/wp-content/uploads/2025/04/LLC-Cosmetic-Laser-Clinics-white-LOGO-1-copy.png","85660","ok"
"logos","logo-schema.png","assets/logos/logo-schema.png","https://llccosmetic.com/wp-content/uploads/logo.png","0","failed: The request was aborted: The connection was closed unexpectedly."
"services","pico-laser.webp","assets/services/pico-laser.webp","https://llccosmetic.com/wp-content/uploads/2025/12/Pico-2.webp","1040296","ok"
"services","co2-laser.png","assets/services/co2-laser.png","https://llccosmetic.com/wp-content/uploads/2025/12/Co2.png","1743991","ok"
"services","hifu.webp","assets/services/hifu.webp","https://llccosmetic.com/wp-content/uploads/2025/12/HIFU.webp","1312444","ok"
"services","cosmo-facial.png","assets/services/cosmo-facial.png","https://llccosmetic.com/wp-content/uploads/2025/12/Cosmo-Facial.png","1400691","ok"
"services","aesthetics.png","assets/services/aesthetics.png","https://llccosmetic.com/wp-content/uploads/2026/02/LLC-Cosmetics-Service-Images.png","1058506","ok"
"services","rosacea.png","assets/services/rosacea.png","https://llccosmetic.com/wp-content/uploads/2025/12/Rosacea.png","1006492","ok"
"services","laser-hair-removal.webp","assets/services/laser-hair-removal.webp","https://llccosmetic.com/wp-content/uploads/2025/12/Laser-Hair-Removal.webp","1003090","ok"
"services","tattoo-removal.png","assets/services/tattoo-removal.png","https://llccosmetic.com/wp-content/uploads/2025/12/Tattoo-Removal.png","1736415","ok"
"services","pico-service-layout.png","assets/services/pico-service-layout.png","https://llccosmetic.com/wp-content/uploads/2025/10/LLC-Service-Layout.png","890016","ok"
"services","hifu-service.png","assets/services/hifu-service.png","https://llccosmetic.com/wp-content/uploads/2025/10/10.png","578050","ok"
"staff","yousef-khammar.png","assets/staff/yousef-khammar.png","https://llccosmetic.com/wp-content/uploads/2025/07/1.png","624260","ok"
"staff","diana-binny.png","assets/staff/diana-binny.png","https://llccosmetic.com/wp-content/uploads/2025/07/2-1.png","621436","ok"
"staff","dusty.webp","assets/staff/dusty.webp","https://llccosmetic.com/wp-content/uploads/2026/05/RN-Dusty.webp","611966","ok"
"staff","elizabeth.png","assets/staff/elizabeth.png","https://llccosmetic.com/wp-content/uploads/2025/07/3.png","754164","ok"
"staff","isabella.png","assets/staff/isabella.png","https://llccosmetic.com/wp-content/uploads/2025/12/Isabella-1.png","852364","ok"
"staff","mary.png","assets/staff/mary.png","https://llccosmetic.com/wp-content/uploads/2025/07/6.png","526480","ok"
"staff","pooja.png","assets/staff/pooja.png","https://llccosmetic.com/wp-content/uploads/2025/07/8.png","561394","ok"
"staff","kristina.png","assets/staff/kristina.png","https://llccosmetic.com/wp-content/uploads/2025/07/About-Us-Staff-Pictures-1.png","617544","ok"
"staff","moseka.webp","assets/staff/moseka.webp","https://llccosmetic.com/wp-content/uploads/2026/05/Moseka.webp","662966","ok"
"clinics","brisbane.jpg","assets/clinics/brisbane.jpg","https://llccosmetic.com/wp-content/uploads/2025/11/IMG_0481-scaled.jpg","3325334","ok"
"clinics","sunnybank.jpg","assets/clinics/sunnybank.jpg","https://llccosmetic.com/wp-content/uploads/2025/11/IMG_0863-scaled.jpg","774953","ok"
"clinics","southport.jpg","assets/clinics/southport.jpg","https://llccosmetic.com/wp-content/uploads/2025/04/Southport.jpg","194824","ok"
"clinics","robina.jpg","assets/clinics/robina.jpg","https://llccosmetic.com/wp-content/uploads/2025/04/Robina-1.jpg","144774","ok"
"video","consult-video-poster.png","assets/video/consult-video-poster.png","https://llccosmetic.com/wp-content/uploads/2023/05/SIrpi-popup-Image.png","35590","ok"
"video","consult-video.mp4","assets/video/consult-video.mp4","https://llccosmetic.com/wp-content/uploads/2025/05/consultvid_v1.1_Website-ezgif.com-gif-maker.mp4","5175282","ok"
